-- MySQL dump 10.13  Distrib 5.7.23, for Linux (x86_64)
--
-- Host: localhost    Database: CRB
-- ------------------------------------------------------
-- Server version	5.7.23-0ubuntu0.16.04.1

/*!40101 SET @OLD_CHARACTER_SET_CLIENT=@@CHARACTER_SET_CLIENT */;
/*!40101 SET @OLD_CHARACTER_SET_RESULTS=@@CHARACTER_SET_RESULTS */;
/*!40101 SET @OLD_COLLATION_CONNECTION=@@COLLATION_CONNECTION */;
/*!40101 SET NAMES utf8 */;
/*!40103 SET @OLD_TIME_ZONE=@@TIME_ZONE */;
/*!40103 SET TIME_ZONE='+00:00' */;
/*!40014 SET @OLD_UNIQUE_CHECKS=@@UNIQUE_CHECKS, UNIQUE_CHECKS=0 */;
/*!40014 SET @OLD_FOREIGN_KEY_CHECKS=@@FOREIGN_KEY_CHECKS, FOREIGN_KEY_CHECKS=0 */;
/*!40101 SET @OLD_SQL_MODE=@@SQL_MODE, SQL_MODE='NO_AUTO_VALUE_ON_ZERO' */;
/*!40111 SET @OLD_SQL_NOTES=@@SQL_NOTES, SQL_NOTES=0 */;

--
-- Table structure for table `Group`
--

DROP TABLE IF EXISTS `Group`;
/*!40101 SET @saved_cs_client     = @@character_set_client */;
/*!40101 SET character_set_client = utf8 */;
CREATE TABLE `Group` (
  `groupID` int(11) NOT NULL AUTO_INCREMENT,
  `groupName` varchar(45) NOT NULL,
  `dateCreated` date DEFAULT NULL,
  `timeCreated` time(6) DEFAULT NULL,
  `groupPoints` int(11) DEFAULT NULL,
  `lastModifiedDate` date DEFAULT NULL,
  `lastModifiedTime` time(6) DEFAULT NULL,
  `createdBy` varchar(254) DEFAULT NULL,
  `groupLeader` varchar(254) DEFAULT NULL,
  `lastModifiedBy` varchar(254) DEFAULT NULL,
  PRIMARY KEY (`groupID`),
  UNIQUE KEY `groupName` (`groupName`),
  KEY `Group_createdBy_e8a86322_fk_User_email` (`createdBy`),
  KEY `Group_groupLeader_dda63499_fk_User_email` (`groupLeader`),
  KEY `Group_lastModifiedBy_2b8379dc_fk_User_email` (`lastModifiedBy`),
  CONSTRAINT `Group_createdBy_e8a86322_fk_User_email` FOREIGN KEY (`createdBy`) REFERENCES `User` (`email`),
  CONSTRAINT `Group_groupLeader_dda63499_fk_User_email` FOREIGN KEY (`groupLeader`) REFERENCES `User` (`email`),
  CONSTRAINT `Group_lastModifiedBy_2b8379dc_fk_User_email` FOREIGN KEY (`lastModifiedBy`) REFERENCES `User` (`email`)
) ENGINE=InnoDB AUTO_INCREMENT=2 DEFAULT CHARSET=latin1;
/*!40101 SET character_set_client = @saved_cs_client */;

--
-- Dumping data for table `Group`
--

LOCK TABLES `Group` WRITE;
/*!40000 ALTER TABLE `Group` DISABLE KEYS */;
INSERT INTO `Group` VALUES (1,'TeamOstrich','2018-08-02','01:26:16.842801',0,NULL,NULL,'karlkwan@gmail.com',NULL,NULL);
/*!40000 ALTER TABLE `Group` ENABLE KEYS */;
UNLOCK TABLES;

--
-- Table structure for table `GroupRange`
--

DROP TABLE IF EXISTS `GroupRange`;
/*!40101 SET @saved_cs_client     = @@character_set_client */;
/*!40101 SET character_set_client = utf8 */;
CREATE TABLE `GroupRange` (
  `ID` int(11) NOT NULL AUTO_INCREMENT,
  `dateCreated` date DEFAULT NULL,
  `timeCreated` time(6) DEFAULT NULL,
  `groupRangePoints` int(11) DEFAULT NULL,
  `addedBy` varchar(254) DEFAULT NULL,
  `groupID` int(11) NOT NULL,
  `rangeID` int(11) NOT NULL,
  PRIMARY KEY (`ID`),
  KEY `GroupRange_addedBy_3485f07a_fk_User_email` (`addedBy`),
  KEY `GroupRange_groupID_1897bfba_fk_Group_groupID` (`groupID`),
  KEY `GroupRange_rangeID_834b66ea_fk` (`rangeID`),
  CONSTRAINT `GroupRange_addedBy_3485f07a_fk_User_email` FOREIGN KEY (`addedBy`) REFERENCES `User` (`email`),
  CONSTRAINT `GroupRange_groupID_1897bfba_fk_Group_groupID` FOREIGN KEY (`groupID`) REFERENCES `Group` (`groupID`),
  CONSTRAINT `GroupRange_rangeID_834b66ea_fk` FOREIGN KEY (`rangeID`) REFERENCES `Range` (`rangeID`)
) ENGINE=InnoDB DEFAULT CHARSET=latin1;
/*!40101 SET character_set_client = @saved_cs_client */;

--
-- Dumping data for table `GroupRange`
--

LOCK TABLES `GroupRange` WRITE;
/*!40000 ALTER TABLE `GroupRange` DISABLE KEYS */;
/*!40000 ALTER TABLE `GroupRange` ENABLE KEYS */;
UNLOCK TABLES;

--
-- Table structure for table `MCQOptions`
--

DROP TABLE IF EXISTS `MCQOptions`;
/*!40101 SET @saved_cs_client     = @@character_set_client */;
/*!40101 SET character_set_client = utf8 */;
CREATE TABLE `MCQOptions` (
  `id` int(11) NOT NULL AUTO_INCREMENT,
  `OptionOne` varchar(100) NOT NULL,
  `OptionTwo` varchar(100) NOT NULL,
  `OptionThree` varchar(100) NOT NULL,
  `OptionFour` varchar(100) NOT NULL,
  `questionid` int(11) NOT NULL,
  PRIMARY KEY (`id`),
  UNIQUE KEY `questionid` (`questionid`),
  CONSTRAINT `MCQOptions_questionid_3371087c_fk_Questions_questionID` FOREIGN KEY (`questionid`) REFERENCES `Questions` (`questionID`)
) ENGINE=InnoDB AUTO_INCREMENT=2 DEFAULT CHARSET=latin1;
/*!40101 SET character_set_client = @saved_cs_client */;

--
-- Dumping data for table `MCQOptions`
--

LOCK TABLES `MCQOptions` WRITE;
/*!40000 ALTER TABLE `MCQOptions` DISABLE KEYS */;
INSERT INTO `MCQOptions` VALUES (1,'abc','mcqanswer','def','1234',2);
/*!40000 ALTER TABLE `MCQOptions` ENABLE KEYS */;
UNLOCK TABLES;

--
-- Table structure for table `QuestionTopic`
--

DROP TABLE IF EXISTS `QuestionTopic`;
/*!40101 SET @saved_cs_client     = @@character_set_client */;
/*!40101 SET character_set_client = utf8 */;
CREATE TABLE `QuestionTopic` (
  `topicid` int(11) NOT NULL AUTO_INCREMENT,
  `topicname` varchar(100) DEFAULT NULL,
  PRIMARY KEY (`topicid`)
) ENGINE=InnoDB AUTO_INCREMENT=5 DEFAULT CHARSET=latin1;
/*!40101 SET character_set_client = @saved_cs_client */;

--
-- Dumping data for table `QuestionTopic`
--

LOCK TABLES `QuestionTopic` WRITE;
/*!40000 ALTER TABLE `QuestionTopic` DISABLE KEYS */;
INSERT INTO `QuestionTopic` VALUES (1,'Buffer Overflow'),(2,'Multiple Choice'),(3,'String'),(4,'Open');
/*!40000 ALTER TABLE `QuestionTopic` ENABLE KEYS */;
UNLOCK TABLES;

--
-- Table structure for table `Questions`
--

DROP TABLE IF EXISTS `Questions`;
/*!40101 SET @saved_cs_client     = @@character_set_client */;
/*!40101 SET character_set_client = utf8 */;
CREATE TABLE `Questions` (
  `questionID` int(11) NOT NULL AUTO_INCREMENT,
  `questiontype` varchar(100) NOT NULL,
  `questiontitle` varchar(255) DEFAULT NULL,
  `questiontext` longtext NOT NULL,
  `hint` longtext NOT NULL,
  `hintpenalty` int(10) unsigned NOT NULL,
  `dateCreated` datetime(6) DEFAULT NULL,
  `points` int(10) unsigned NOT NULL,
  `answer` longtext,
  `usedocker` tinyint(1) NOT NULL,
  `registryID` varchar(255) DEFAULT NULL,
  `isArchived` tinyint(1) NOT NULL,
  `createdby` varchar(254) DEFAULT NULL,
  `rangeid` int(11) DEFAULT NULL,
  `topicid` int(11) DEFAULT NULL,
  PRIMARY KEY (`questionID`),
  KEY `Questions_createdby_43a92c1c_fk_User_email` (`createdby`),
  KEY `Questions_rangeid_f2763797_fk_Range_rangeID` (`rangeid`),
  KEY `Questions_topicid_f463268f_fk_QuestionTopic_topicid` (`topicid`),
  CONSTRAINT `Questions_createdby_43a92c1c_fk_User_email` FOREIGN KEY (`createdby`) REFERENCES `User` (`email`),
  CONSTRAINT `Questions_rangeid_f2763797_fk_Range_rangeID` FOREIGN KEY (`rangeid`) REFERENCES `Range` (`rangeID`),
  CONSTRAINT `Questions_topicid_f463268f_fk_QuestionTopic_topicid` FOREIGN KEY (`topicid`) REFERENCES `QuestionTopic` (`topicid`)
) ENGINE=InnoDB AUTO_INCREMENT=6 DEFAULT CHARSET=latin1;
/*!40101 SET character_set_client = @saved_cs_client */;

--
-- Dumping data for table `Questions`
--

LOCK TABLES `Questions` WRITE;
/*!40000 ALTER TABLE `Questions` DISABLE KEYS */;
INSERT INTO `Questions` VALUES (1,'FL','strcpy();','<p>In&nbsp;<em>~/problems/19adjao4kgjsu2ld/</em>, there is a C Executable Program, called <strong>\"overflowme\"</strong>. It uses the very&nbsp;<strong><em>insecure&nbsp;</em></strong>function&nbsp;<em>strcpy().</em> This program receives your input and returns a digit.</p>\r\n<p><span style=\"text-decoration: underline;\">Your Task:</span></p>\r\n<p>- Use Buffer Overflow to find the flag within it.</p>','Buffer Overflow',5,'2018-08-01 16:00:00.000000',20,'ai3849dfkajkd',1,'sample',0,'karlkwan@gmail.com',1,1),(2,'MCQ','MCQ Test A','<p>This is an MCQ Test.</p>','mcq is the answer',5,'2018-08-01 16:00:00.000000',15,'mcqanswer',0,'',0,'karlkwan@gmail.com',1,2),(3,'SA','This is a short answer question','<p>What is up fam?</p>','Nothing',0,'2018-08-01 16:00:00.000000',10,'nothing',0,'',0,'karlkwan@gmail.com',1,3),(4,'OE','This is open','<p>close</p>','open',0,'2018-08-01 16:00:00.000000',25,'closed',0,'',0,'karlkwan@gmail.com',1,4),(5,'TF','Is this true?','<p>Or is this false?</p>','IDK',5,'2018-08-01 16:00:00.000000',10,'True',0,'',0,'karlkwan@gmail.com',1,3);
/*!40000 ALTER TABLE `Questions` ENABLE KEYS */;
UNLOCK TABLES;

--
-- Table structure for table `Range`
--

DROP TABLE IF EXISTS `Range`;
/*!40101 SET @saved_cs_client     = @@character_set_client */;
/*!40101 SET character_set_client = utf8 */;
CREATE TABLE `Range` (
  `rangeID` int(11) NOT NULL AUTO_INCREMENT,
  `rangeName` varchar(45) NOT NULL,
  `attempts` int(10) unsigned NOT NULL,
  `createdby` varchar(254) NOT NULL,
  `dateCreated` date DEFAULT NULL,
  `dateEnd` date DEFAULT NULL,
  `dateStart` date DEFAULT NULL,
  `isDisabled` tinyint(1) NOT NULL,
  `isOpen` tinyint(1) NOT NULL,
  `lastModifiedBy` varchar(254) DEFAULT NULL,
  `lastModifiedDate` date DEFAULT NULL,
  `manualactive` tinyint(1) NOT NULL,
  `manualdeactive` tinyint(1) NOT NULL,
  `maxScore` int(10) unsigned,
  `rangeActive` tinyint(1) NOT NULL,
  `rangeCode` int(11) DEFAULT NULL,
  `rangeInfo` longtext NOT NULL,
  `rangeURL` varchar(50) DEFAULT NULL,
  `studentsInRange` int(10) unsigned,
  `timeEnd` time(6) DEFAULT NULL,
  `timeStart` time(6) DEFAULT NULL,
  PRIMARY KEY (`rangeID`),
  UNIQUE KEY `rangeCode` (`rangeCode`),
  UNIQUE KEY `rangeURL` (`rangeURL`),
  KEY `Range_createdby_4d2f29e0_fk_User_email` (`createdby`),
  KEY `Range_lastModifiedBy_35f0a21b_fk_User_email` (`lastModifiedBy`),
  CONSTRAINT `Range_createdby_4d2f29e0_fk_User_email` FOREIGN KEY (`createdby`) REFERENCES `User` (`email`),
  CONSTRAINT `Range_lastModifiedBy_35f0a21b_fk_User_email` FOREIGN KEY (`lastModifiedBy`) REFERENCES `User` (`email`)
) ENGINE=InnoDB AUTO_INCREMENT=2 DEFAULT CHARSET=latin1;
/*!40101 SET character_set_client = @saved_cs_client */;

--
-- Dumping data for table `Range`
--

LOCK TABLES `Range` WRITE;
/*!40000 ALTER TABLE `Range` DISABLE KEYS */;
INSERT INTO `Range` VALUES (1,'Cyber Range #1',10,'karlkwan@gmail.com','2018-08-02','2018-08-17','2018-08-03',0,0,NULL,NULL,1,0,80,1,224845,'<p>Dear students,</p>\r\n<p>This is a new cyber range.&nbsp;</p>\r\n<p>Enjoy!</p>','cyberrange1',0,'11:59:00.000000','08:30:00.000000');
/*!40000 ALTER TABLE `Range` ENABLE KEYS */;
UNLOCK TABLES;

--
-- Table structure for table `RangeStudents`
--

DROP TABLE IF EXISTS `RangeStudents`;
/*!40101 SET @saved_cs_client     = @@character_set_client */;
/*!40101 SET character_set_client = utf8 */;
CREATE TABLE `RangeStudents` (
  `id` int(11) NOT NULL AUTO_INCREMENT,
  `dateJoined` datetime(6) DEFAULT NULL,
  `points` int(11) NOT NULL,
  `datecompleted` datetime(6) DEFAULT NULL,
  `lastaccess` datetime(6) DEFAULT NULL,
  `groupid` int(11) DEFAULT NULL,
  `rangeID` int(11) NOT NULL,
  `email` varchar(254) NOT NULL,
  PRIMARY KEY (`id`),
  KEY `RangeStudents_groupid_f7d179b4_fk_Group_groupID` (`groupid`),
  KEY `RangeStudents_rangeID_bc51c70c_fk_Range_rangeID` (`rangeID`),
  KEY `RangeStudents_email_af1dd9e3_fk_User_email` (`email`),
  CONSTRAINT `RangeStudents_email_af1dd9e3_fk_User_email` FOREIGN KEY (`email`) REFERENCES `User` (`email`),
  CONSTRAINT `RangeStudents_groupid_f7d179b4_fk_Group_groupID` FOREIGN KEY (`groupid`) REFERENCES `Group` (`groupID`),
  CONSTRAINT `RangeStudents_rangeID_bc51c70c_fk_Range_rangeID` FOREIGN KEY (`rangeID`) REFERENCES `Range` (`rangeID`)
) ENGINE=InnoDB AUTO_INCREMENT=6 DEFAULT CHARSET=latin1;
/*!40101 SET character_set_client = @saved_cs_client */;

--
-- Dumping data for table `RangeStudents`
--

LOCK TABLES `RangeStudents` WRITE;
/*!40000 ALTER TABLE `RangeStudents` DISABLE KEYS */;
INSERT INTO `RangeStudents` VALUES (1,'2018-08-01 16:00:00.000000',0,NULL,NULL,1,1,'jonau@gmail.com'),(2,'2018-08-01 16:00:00.000000',0,NULL,NULL,1,1,'dextergui@gmail.com'),(3,'2018-08-01 16:00:00.000000',0,NULL,'2018-08-01 17:50:22.793784',1,1,'joshualee@gmail.com'),(4,'2018-08-01 16:00:00.000000',0,NULL,NULL,1,1,'marcuskho@gmail.com'),(5,'2018-08-01 16:00:00.000000',0,NULL,NULL,1,1,'wesleychiau@gmail.com');
/*!40000 ALTER TABLE `RangeStudents` ENABLE KEYS */;
UNLOCK TABLES;

--
-- Table structure for table `SDLComment`
--

DROP TABLE IF EXISTS `SDLComment`;
/*!40101 SET @saved_cs_client     = @@character_set_client */;
/*!40101 SET character_set_client = utf8 */;
CREATE TABLE `SDLComment` (
  `commentID` int(11) NOT NULL AUTO_INCREMENT,
  `comment` varchar(255) DEFAULT NULL,
  `datePosted` date DEFAULT NULL,
  `timePosted` time(6) DEFAULT NULL,
  `commenter` varchar(254) DEFAULT NULL,
  `postid` int(11) DEFAULT NULL,
  PRIMARY KEY (`commentID`),
  KEY `SDLComment_commenter_4080eedc_fk_User_email` (`commenter`),
  KEY `SDLComment_postid_9b5517e8_fk_SDLPost_postID` (`postid`),
  CONSTRAINT `SDLComment_commenter_4080eedc_fk_User_email` FOREIGN KEY (`commenter`) REFERENCES `User` (`email`),
  CONSTRAINT `SDLComment_postid_9b5517e8_fk_SDLPost_postID` FOREIGN KEY (`postid`) REFERENCES `SDLPost` (`postID`)
) ENGINE=InnoDB AUTO_INCREMENT=5 DEFAULT CHARSET=latin1;
/*!40101 SET character_set_client = @saved_cs_client */;

--
-- Dumping data for table `SDLComment`
--

LOCK TABLES `SDLComment` WRITE;
/*!40000 ALTER TABLE `SDLComment` DISABLE KEYS */;
INSERT INTO `SDLComment` VALUES (1,'this is a comment','2018-08-02','01:43:37.764827','joshualee@gmail.com',1),(2,'asdf','2018-08-02','01:46:57.717437','joshualee@gmail.com',1),(3,'abc','2018-08-02','01:48:57.332967','joshualee@gmail.com',1),(4,'what\'s up','2018-08-02','01:49:34.468988','joshualee@gmail.com',1);
/*!40000 ALTER TABLE `SDLComment` ENABLE KEYS */;
UNLOCK TABLES;

--
-- Table structure for table `SDLPost`
--

DROP TABLE IF EXISTS `SDLPost`;
/*!40101 SET @saved_cs_client     = @@character_set_client */;
/*!40101 SET character_set_client = utf8 */;
CREATE TABLE `SDLPost` (
  `postID` int(11) NOT NULL AUTO_INCREMENT,
  `posttitle` varchar(255) DEFAULT NULL,
  `posttext` longtext NOT NULL,
  `dateCreated` date DEFAULT NULL,
  `timeCreated` time(6) DEFAULT NULL,
  `datePosted` date DEFAULT NULL,
  `timePosted` time(6) DEFAULT NULL,
  `LastModifiedDate` date DEFAULT NULL,
  `LastModifiedTime` time(6) DEFAULT NULL,
  `createdby` varchar(254) DEFAULT NULL,
  `postActive` tinyint(1) NOT NULL,
  PRIMARY KEY (`postID`),
  KEY `SDLPost_createdby_2c88ac0e_fk_User_email` (`createdby`),
  CONSTRAINT `SDLPost_createdby_2c88ac0e_fk_User_email` FOREIGN KEY (`createdby`) REFERENCES `User` (`email`)
) ENGINE=InnoDB AUTO_INCREMENT=2 DEFAULT CHARSET=latin1;
/*!40101 SET character_set_client = @saved_cs_client */;

--
-- Dumping data for table `SDLPost`
--

LOCK TABLES `SDLPost` WRITE;
/*!40000 ALTER TABLE `SDLPost` DISABLE KEYS */;
INSERT INTO `SDLPost` VALUES (1,'How to Hack','<p>Not sure how to hack?</p>\r\n<p>Well... Too Bad.</p>','2018-08-02','01:25:59.064346','2018-08-02','01:26:02.189442',NULL,NULL,'karlkwan@gmail.com',1);
/*!40000 ALTER TABLE `SDLPost` ENABLE KEYS */;
UNLOCK TABLES;

--
-- Table structure for table `StudentGroup`
--

DROP TABLE IF EXISTS `StudentGroup`;
/*!40101 SET @saved_cs_client     = @@character_set_client */;
/*!40101 SET character_set_client = utf8 */;
CREATE TABLE `StudentGroup` (
  `ID` int(11) NOT NULL AUTO_INCREMENT,
  `groupID` int(11) NOT NULL,
  `studentID` varchar(254) NOT NULL,
  PRIMARY KEY (`ID`),
  KEY `StudentGroup_groupID_45126783_fk_Group_groupID` (`groupID`),
  KEY `StudentGroup_studentID_0165a6d1_fk_User_email` (`studentID`),
  CONSTRAINT `StudentGroup_groupID_45126783_fk_Group_groupID` FOREIGN KEY (`groupID`) REFERENCES `Group` (`groupID`),
  CONSTRAINT `StudentGroup_studentID_0165a6d1_fk_User_email` FOREIGN KEY (`studentID`) REFERENCES `User` (`email`)
) ENGINE=InnoDB AUTO_INCREMENT=6 DEFAULT CHARSET=latin1;
/*!40101 SET character_set_client = @saved_cs_client */;

--
-- Dumping data for table `StudentGroup`
--

LOCK TABLES `StudentGroup` WRITE;
/*!40000 ALTER TABLE `StudentGroup` DISABLE KEYS */;
INSERT INTO `StudentGroup` VALUES (1,1,'jonau@gmail.com'),(2,1,'dextergui@gmail.com'),(3,1,'joshualee@gmail.com'),(4,1,'marcuskho@gmail.com'),(5,1,'wesleychiau@gmail.com');
/*!40000 ALTER TABLE `StudentGroup` ENABLE KEYS */;
UNLOCK TABLES;

--
-- Table structure for table `StudentHints`
--

DROP TABLE IF EXISTS `StudentHints`;
/*!40101 SET @saved_cs_client     = @@character_set_client */;
/*!40101 SET character_set_client = utf8 */;
CREATE TABLE `StudentHints` (
  `id` int(11) NOT NULL AUTO_INCREMENT,
  `hintactivated` tinyint(1) NOT NULL,
  `questionid` int(11) NOT NULL,
  `rangeid` int(11) NOT NULL,
  `studentid` varchar(254) NOT NULL,
  PRIMARY KEY (`id`),
  KEY `StudentHints_questionid_0154d770_fk_Questions_questionID` (`questionid`),
  KEY `StudentHints_rangeid_f8ed50c9_fk_Range_rangeID` (`rangeid`),
  KEY `StudentHints_studentid_231b4111_fk_User_email` (`studentid`),
  CONSTRAINT `StudentHints_questionid_0154d770_fk_Questions_questionID` FOREIGN KEY (`questionid`) REFERENCES `Questions` (`questionID`),
  CONSTRAINT `StudentHints_rangeid_f8ed50c9_fk_Range_rangeID` FOREIGN KEY (`rangeid`) REFERENCES `Range` (`rangeID`),
  CONSTRAINT `StudentHints_studentid_231b4111_fk_User_email` FOREIGN KEY (`studentid`) REFERENCES `User` (`email`)
) ENGINE=InnoDB DEFAULT CHARSET=latin1;
/*!40101 SET character_set_client = @saved_cs_client */;

--
-- Dumping data for table `StudentHints`
--

LOCK TABLES `StudentHints` WRITE;
/*!40000 ALTER TABLE `StudentHints` DISABLE KEYS */;
/*!40000 ALTER TABLE `StudentHints` ENABLE KEYS */;
UNLOCK TABLES;

--
-- Table structure for table `StudentQuestions`
--

DROP TABLE IF EXISTS `StudentQuestions`;
/*!40101 SET @saved_cs_client     = @@character_set_client */;
/*!40101 SET character_set_client = utf8 */;
CREATE TABLE `StudentQuestions` (
  `id` int(11) NOT NULL AUTO_INCREMENT,
  `answergiven` varchar(100) NOT NULL,
  `right/wrong` tinyint(1) NOT NULL,
  `marksawarded` int(10) unsigned NOT NULL,
  `attempts` int(10) unsigned NOT NULL,
  `questionid` int(11) NOT NULL,
  `rangeID` int(11) NOT NULL,
  `email` varchar(254) NOT NULL,
  PRIMARY KEY (`id`),
  KEY `StudentQuestions_questionid_a35630ff_fk_Questions_questionID` (`questionid`),
  KEY `StudentQuestions_rangeID_828774ff_fk_Range_rangeID` (`rangeID`),
  KEY `StudentQuestions_email_18d1090a_fk_User_email` (`email`),
  CONSTRAINT `StudentQuestions_email_18d1090a_fk_User_email` FOREIGN KEY (`email`) REFERENCES `User` (`email`),
  CONSTRAINT `StudentQuestions_questionid_a35630ff_fk_Questions_questionID` FOREIGN KEY (`questionid`) REFERENCES `Questions` (`questionID`),
  CONSTRAINT `StudentQuestions_rangeID_828774ff_fk_Range_rangeID` FOREIGN KEY (`rangeID`) REFERENCES `Range` (`rangeID`)
) ENGINE=InnoDB DEFAULT CHARSET=latin1;
/*!40101 SET character_set_client = @saved_cs_client */;

--
-- Dumping data for table `StudentQuestions`
--

LOCK TABLES `StudentQuestions` WRITE;
/*!40000 ALTER TABLE `StudentQuestions` DISABLE KEYS */;
/*!40000 ALTER TABLE `StudentQuestions` ENABLE KEYS */;
UNLOCK TABLES;

--
-- Table structure for table `UnavailablePorts`
--

DROP TABLE IF EXISTS `UnavailablePorts`;
/*!40101 SET @saved_cs_client     = @@character_set_client */;
/*!40101 SET character_set_client = utf8 */;
CREATE TABLE `UnavailablePorts` (
  `portNumber` int(10) unsigned NOT NULL,
  `containerName` longtext,
  `dateTimeCreated` datetime(6) DEFAULT NULL,
  `studentid` varchar(254) NOT NULL,
  PRIMARY KEY (`portNumber`),
  KEY `UnavailablePorts_studentid_6dc5be5e_fk_User_email` (`studentid`),
  CONSTRAINT `UnavailablePorts_studentid_6dc5be5e_fk_User_email` FOREIGN KEY (`studentid`) REFERENCES `User` (`email`)
) ENGINE=InnoDB DEFAULT CHARSET=latin1;
/*!40101 SET character_set_client = @saved_cs_client */;

--
-- Dumping data for table `UnavailablePorts`
--

LOCK TABLES `UnavailablePorts` WRITE;
/*!40000 ALTER TABLE `UnavailablePorts` DISABLE KEYS */;
/*!40000 ALTER TABLE `UnavailablePorts` ENABLE KEYS */;
UNLOCK TABLES;

--
-- Table structure for table `User`
--

DROP TABLE IF EXISTS `User`;
/*!40101 SET @saved_cs_client     = @@character_set_client */;
/*!40101 SET character_set_client = utf8 */;
CREATE TABLE `User` (
  `email` varchar(254) NOT NULL,
  `username` varchar(45) NOT NULL,
  `password` varchar(100) NOT NULL,
  `name` varchar(100) NOT NULL,
  `dateJoined` date DEFAULT NULL,
  `lastModifiedDate` date DEFAULT NULL,
  `lastlogin` datetime(6) DEFAULT NULL,
  `teacher` tinyint(1) NOT NULL,
  `acceptedBy` varchar(254) DEFAULT NULL,
  `admin` tinyint(1) NOT NULL,
  `isaccepted` tinyint(1) NOT NULL,
  `isdefault` tinyint(1) NOT NULL,
  `isdisabled` tinyint(1) NOT NULL,
  `lastModifiedBy` varchar(254) DEFAULT NULL,
  `lastModifiedTime` time(6) DEFAULT NULL,
  `UserClass` int(11) DEFAULT NULL,
  PRIMARY KEY (`email`),
  UNIQUE KEY `username` (`username`),
  KEY `User_acceptedBy_5736f442_fk_User_email` (`acceptedBy`),
  KEY `User_lastModifiedBy_44c68aab_fk_User_email` (`lastModifiedBy`),
  KEY `User_UserClass_0adc9374_fk_UserClass_id` (`UserClass`),
  CONSTRAINT `User_UserClass_0adc9374_fk_UserClass_id` FOREIGN KEY (`UserClass`) REFERENCES `UserClass` (`id`),
  CONSTRAINT `User_acceptedBy_5736f442_fk_User_email` FOREIGN KEY (`acceptedBy`) REFERENCES `User` (`email`),
  CONSTRAINT `User_lastModifiedBy_44c68aab_fk_User_email` FOREIGN KEY (`lastModifiedBy`) REFERENCES `User` (`email`)
) ENGINE=InnoDB DEFAULT CHARSET=latin1;
/*!40101 SET character_set_client = @saved_cs_client */;

--
-- Dumping data for table `User`
--

LOCK TABLES `User` WRITE;
/*!40000 ALTER TABLE `User` DISABLE KEYS */;
INSERT INTO `User` VALUES ('calvinsiak@gmail.com','calvinsiak','pbkdf2_sha256$100000$mt6nH18tZbVT$qGhwlRpdX7HCZNzoBdZGqOLmZxdUP0Ln0a5ybBGj3t4=','Calvin Siak','2018-08-02','2018-08-02',NULL,1,NULL,0,1,0,0,NULL,'01:25:15.045335',NULL),('dextergui@gmail.com','dextergui','pbkdf2_sha256$100000$MqrG2zrAkbNR$XH43kM9EmvFbzuWGGg8qEhWDU2inEsRuWAuROCHPwl0=','Dexter Gui','2018-08-02','2018-08-02',NULL,0,'karlkwan@gmail.com',0,1,0,0,'karlkwan@gmail.com','01:23:51.283020',1),('hubertus@gmail.com','hubertus','pbkdf2_sha256$100000$t4tVmSWNfw1J$usi9nVK/1lIskj8FyP2iWhsXr+qwbcSJxGrUkp8I/Cc=','Hubertus','2018-08-02','2018-08-02',NULL,1,NULL,0,1,0,0,NULL,'01:24:46.820641',NULL),('jonau@gmail.com','jonau','pbkdf2_sha256$100000$mWUH0l2IJzOz$3UbCx05VymxYFL6PaqeOo0TScbE+FDaZKeBJnDMF2hM=','Jonathan Au','2018-08-02','2018-08-02',NULL,0,'karlkwan@gmail.com',0,1,0,0,'karlkwan@gmail.com','01:24:17.677743',1),('joshualee@gmail.com','joshualee','pbkdf2_sha256$100000$rp5L8L3hVdox$8ndxe+sz8wVU/Hb6JgZ/KXBee9pmPd1BPWh5TGh/fjM=','Joshua Lee','2018-08-02','2018-08-02','2018-08-01 17:55:04.694724',0,'karlkwan@gmail.com',0,1,0,0,'karlkwan@gmail.com','01:23:34.530762',1),('junietan@gmail.com','junietan','pbkdf2_sha256$100000$vzClEi8VioZP$enX09GcE4zGpipWufpmM8NH4efYNF558Qq8ZjWHYaSA=','Junie Tan','2018-08-02','2018-08-02',NULL,1,NULL,0,1,0,0,NULL,'01:25:01.416292',NULL),('karlkwan@gmail.com','karlkwan','pbkdf2_sha256$100000$HsvKPAvPviuA$P68cPXLmqPlz9QHSVjIG4JDsA2WfDlBmIzB376UXJss=','',NULL,NULL,'2018-08-01 17:51:05.164702',1,NULL,1,0,0,0,NULL,NULL,NULL),('marcuskho@gmail.com','marcuskho','pbkdf2_sha256$100000$bnmeR7yH9UgJ$2OeuGfoUIPSOWuaF4QsnDpxA0pcgtOmEOBXvkdQvZMo=','Marcus Kho','2018-08-02','2018-08-02',NULL,0,'karlkwan@gmail.com',0,1,0,0,'karlkwan@gmail.com','01:24:04.103477',1),('samsonyeow@gmail.com','pamliao','pbkdf2_sha256$100000$AYvlYI10Fmg4$JgwB2hgh9oS27bfiCI0gWrg+qwZ9D2Zfk3oZVCk+Xbc=','Samson Yeow','2018-08-02','2018-08-02',NULL,1,NULL,0,1,0,0,NULL,'01:25:37.024609',NULL),('wesleychiau@gmail.com','wesleychiau','pbkdf2_sha256$100000$sWxuBWJbdlRX$qRgV/o8pJuR74sClWkl2C5LTaDdgXzlHXj1ogLU2TfY=','Wesley Chiau','2018-08-02','2018-08-02',NULL,0,'karlkwan@gmail.com',0,1,0,0,'karlkwan@gmail.com','01:24:32.557815',1);
/*!40000 ALTER TABLE `User` ENABLE KEYS */;
UNLOCK TABLES;

--
-- Table structure for table `UserClass`
--

DROP TABLE IF EXISTS `UserClass`;
/*!40101 SET @saved_cs_client     = @@character_set_client */;
/*!40101 SET character_set_client = utf8 */;
CREATE TABLE `UserClass` (
  `id` int(11) NOT NULL AUTO_INCREMENT,
  `class` varchar(45) NOT NULL,
  PRIMARY KEY (`id`),
  UNIQUE KEY `class` (`class`)
) ENGINE=InnoDB AUTO_INCREMENT=2 DEFAULT CHARSET=latin1;
/*!40101 SET character_set_client = @saved_cs_client */;

--
-- Dumping data for table `UserClass`
--

LOCK TABLES `UserClass` WRITE;
/*!40000 ALTER TABLE `UserClass` DISABLE KEYS */;
INSERT INTO `UserClass` VALUES (1,'DISM/FT/3A/64');
/*!40000 ALTER TABLE `UserClass` ENABLE KEYS */;
UNLOCK TABLES;

--
-- Table structure for table `User_groups`
--

DROP TABLE IF EXISTS `User_groups`;
/*!40101 SET @saved_cs_client     = @@character_set_client */;
/*!40101 SET character_set_client = utf8 */;
CREATE TABLE `User_groups` (
  `id` int(11) NOT NULL AUTO_INCREMENT,
  `user_id` varchar(254) NOT NULL,
  `group_id` int(11) NOT NULL,
  PRIMARY KEY (`id`),
  UNIQUE KEY `User_groups_user_id_group_id_d63e199e_uniq` (`user_id`,`group_id`),
  KEY `User_groups_group_id_328392a3_fk_auth_group_id` (`group_id`),
  CONSTRAINT `User_groups_group_id_328392a3_fk_auth_group_id` FOREIGN KEY (`group_id`) REFERENCES `auth_group` (`id`),
  CONSTRAINT `User_groups_user_id_8f675f72_fk_User_email` FOREIGN KEY (`user_id`) REFERENCES `User` (`email`)
) ENGINE=InnoDB DEFAULT CHARSET=latin1;
/*!40101 SET character_set_client = @saved_cs_client */;

--
-- Dumping data for table `User_groups`
--

LOCK TABLES `User_groups` WRITE;
/*!40000 ALTER TABLE `User_groups` DISABLE KEYS */;
/*!40000 ALTER TABLE `User_groups` ENABLE KEYS */;
UNLOCK TABLES;

--
-- Table structure for table `User_user_permissions`
--

DROP TABLE IF EXISTS `User_user_permissions`;
/*!40101 SET @saved_cs_client     = @@character_set_client */;
/*!40101 SET character_set_client = utf8 */;
CREATE TABLE `User_user_permissions` (
  `id` int(11) NOT NULL AUTO_INCREMENT,
  `user_id` varchar(254) NOT NULL,
  `permission_id` int(11) NOT NULL,
  PRIMARY KEY (`id`),
  UNIQUE KEY `User_user_permissions_user_id_permission_id_af0f54ec_uniq` (`user_id`,`permission_id`),
  KEY `User_user_permission_permission_id_8e998ba4_fk_auth_perm` (`permission_id`),
  CONSTRAINT `User_user_permission_permission_id_8e998ba4_fk_auth_perm` FOREIGN KEY (`permission_id`) REFERENCES `auth_permission` (`id`),
  CONSTRAINT `User_user_permissions_user_id_2c6da4d4_fk_User_email` FOREIGN KEY (`user_id`) REFERENCES `User` (`email`)
) ENGINE=InnoDB DEFAULT CHARSET=latin1;
/*!40101 SET character_set_client = @saved_cs_client */;

--
-- Dumping data for table `User_user_permissions`
--

LOCK TABLES `User_user_permissions` WRITE;
/*!40000 ALTER TABLE `User_user_permissions` DISABLE KEYS */;
/*!40000 ALTER TABLE `User_user_permissions` ENABLE KEYS */;
UNLOCK TABLES;

--
-- Table structure for table `auth_group`
--

DROP TABLE IF EXISTS `auth_group`;
/*!40101 SET @saved_cs_client     = @@character_set_client */;
/*!40101 SET character_set_client = utf8 */;
CREATE TABLE `auth_group` (
  `id` int(11) NOT NULL AUTO_INCREMENT,
  `name` varchar(80) NOT NULL,
  PRIMARY KEY (`id`),
  UNIQUE KEY `name` (`name`)
) ENGINE=InnoDB DEFAULT CHARSET=latin1;
/*!40101 SET character_set_client = @saved_cs_client */;

--
-- Dumping data for table `auth_group`
--

LOCK TABLES `auth_group` WRITE;
/*!40000 ALTER TABLE `auth_group` DISABLE KEYS */;
/*!40000 ALTER TABLE `auth_group` ENABLE KEYS */;
UNLOCK TABLES;

--
-- Table structure for table `auth_group_permissions`
--

DROP TABLE IF EXISTS `auth_group_permissions`;
/*!40101 SET @saved_cs_client     = @@character_set_client */;
/*!40101 SET character_set_client = utf8 */;
CREATE TABLE `auth_group_permissions` (
  `id` int(11) NOT NULL AUTO_INCREMENT,
  `group_id` int(11) NOT NULL,
  `permission_id` int(11) NOT NULL,
  PRIMARY KEY (`id`),
  UNIQUE KEY `auth_group_permissions_group_id_permission_id_0cd325b0_uniq` (`group_id`,`permission_id`),
  KEY `auth_group_permissio_permission_id_84c5c92e_fk_auth_perm` (`permission_id`),
  CONSTRAINT `auth_group_permissio_permission_id_84c5c92e_fk_auth_perm` FOREIGN KEY (`permission_id`) REFERENCES `auth_permission` (`id`),
  CONSTRAINT `auth_group_permissions_group_id_b120cbf9_fk_auth_group_id` FOREIGN KEY (`group_id`) REFERENCES `auth_group` (`id`)
) ENGINE=InnoDB DEFAULT CHARSET=latin1;
/*!40101 SET character_set_client = @saved_cs_client */;

--
-- Dumping data for table `auth_group_permissions`
--

LOCK TABLES `auth_group_permissions` WRITE;
/*!40000 ALTER TABLE `auth_group_permissions` DISABLE KEYS */;
/*!40000 ALTER TABLE `auth_group_permissions` ENABLE KEYS */;
UNLOCK TABLES;

--
-- Table structure for table `auth_permission`
--

DROP TABLE IF EXISTS `auth_permission`;
/*!40101 SET @saved_cs_client     = @@character_set_client */;
/*!40101 SET character_set_client = utf8 */;
CREATE TABLE `auth_permission` (
  `id` int(11) NOT NULL AUTO_INCREMENT,
  `name` varchar(255) NOT NULL,
  `content_type_id` int(11) NOT NULL,
  `codename` varchar(100) NOT NULL,
  PRIMARY KEY (`id`),
  UNIQUE KEY `auth_permission_content_type_id_codename_01ab375a_uniq` (`content_type_id`,`codename`),
  CONSTRAINT `auth_permission_content_type_id_2f476e4b_fk_django_co` FOREIGN KEY (`content_type_id`) REFERENCES `django_content_type` (`id`)
) ENGINE=InnoDB AUTO_INCREMENT=70 DEFAULT CHARSET=latin1;
/*!40101 SET character_set_client = @saved_cs_client */;

--
-- Dumping data for table `auth_permission`
--

LOCK TABLES `auth_permission` WRITE;
/*!40000 ALTER TABLE `auth_permission` DISABLE KEYS */;
INSERT INTO `auth_permission` VALUES (1,'Can add sdl post',1,'add_sdlpost'),(2,'Can change sdl post',1,'change_sdlpost'),(3,'Can delete sdl post',1,'delete_sdlpost'),(4,'Can add sdl comment',2,'add_sdlcomment'),(5,'Can change sdl comment',2,'change_sdlcomment'),(6,'Can delete sdl comment',2,'delete_sdlcomment'),(7,'Can add user class',3,'add_userclass'),(8,'Can change user class',3,'change_userclass'),(9,'Can delete user class',3,'delete_userclass'),(10,'Can add user',4,'add_user'),(11,'Can change user',4,'change_user'),(12,'Can delete user',4,'delete_user'),(13,'Can add student group',5,'add_studentgroup'),(14,'Can change student group',5,'change_studentgroup'),(15,'Can delete student group',5,'delete_studentgroup'),(16,'Can add group range',6,'add_grouprange'),(17,'Can change group range',6,'change_grouprange'),(18,'Can delete group range',6,'delete_grouprange'),(19,'Can add fake student group',7,'add_fakestudentgroup'),(20,'Can change fake student group',7,'change_fakestudentgroup'),(21,'Can delete fake student group',7,'delete_fakestudentgroup'),(22,'Can add fake user',8,'add_fakeuser'),(23,'Can change fake user',8,'change_fakeuser'),(24,'Can delete fake user',8,'delete_fakeuser'),(25,'Can add group',9,'add_group'),(26,'Can change group',9,'change_group'),(27,'Can delete group',9,'delete_group'),(28,'Can add range students',10,'add_rangestudents'),(29,'Can change range students',10,'change_rangestudents'),(30,'Can delete range students',10,'delete_rangestudents'),(31,'Can add range',11,'add_range'),(32,'Can change range',11,'change_range'),(33,'Can delete range',11,'delete_range'),(34,'Can add fake range',12,'add_fakerange'),(35,'Can change fake range',12,'change_fakerange'),(36,'Can delete fake range',12,'delete_fakerange'),(37,'Can add mcq options',13,'add_mcqoptions'),(38,'Can change mcq options',13,'change_mcqoptions'),(39,'Can delete mcq options',13,'delete_mcqoptions'),(40,'Can add unavailable ports',14,'add_unavailableports'),(41,'Can change unavailable ports',14,'change_unavailableports'),(42,'Can delete unavailable ports',14,'delete_unavailableports'),(43,'Can add questions',15,'add_questions'),(44,'Can change questions',15,'change_questions'),(45,'Can delete questions',15,'delete_questions'),(46,'Can add student hints',16,'add_studenthints'),(47,'Can change student hints',16,'change_studenthints'),(48,'Can delete student hints',16,'delete_studenthints'),(49,'Can add student questions',17,'add_studentquestions'),(50,'Can change student questions',17,'change_studentquestions'),(51,'Can delete student questions',17,'delete_studentquestions'),(52,'Can add question topic',18,'add_questiontopic'),(53,'Can change question topic',18,'change_questiontopic'),(54,'Can delete question topic',18,'delete_questiontopic'),(55,'Can add log entry',19,'add_logentry'),(56,'Can change log entry',19,'change_logentry'),(57,'Can delete log entry',19,'delete_logentry'),(58,'Can add permission',20,'add_permission'),(59,'Can change permission',20,'change_permission'),(60,'Can delete permission',20,'delete_permission'),(61,'Can add group',21,'add_group'),(62,'Can change group',21,'change_group'),(63,'Can delete group',21,'delete_group'),(64,'Can add content type',22,'add_contenttype'),(65,'Can change content type',22,'change_contenttype'),(66,'Can delete content type',22,'delete_contenttype'),(67,'Can add session',23,'add_session'),(68,'Can change session',23,'change_session'),(69,'Can delete session',23,'delete_session');
/*!40000 ALTER TABLE `auth_permission` ENABLE KEYS */;
UNLOCK TABLES;

--
-- Table structure for table `django_admin_log`
--

DROP TABLE IF EXISTS `django_admin_log`;
/*!40101 SET @saved_cs_client     = @@character_set_client */;
/*!40101 SET character_set_client = utf8 */;
CREATE TABLE `django_admin_log` (
  `id` int(11) NOT NULL AUTO_INCREMENT,
  `action_time` datetime(6) NOT NULL,
  `object_id` longtext,
  `object_repr` varchar(200) NOT NULL,
  `action_flag` smallint(5) unsigned NOT NULL,
  `change_message` longtext NOT NULL,
  `content_type_id` int(11) DEFAULT NULL,
  `user_id` varchar(254) NOT NULL,
  PRIMARY KEY (`id`),
  KEY `django_admin_log_content_type_id_c4bce8eb_fk_django_co` (`content_type_id`),
  KEY `django_admin_log_user_id_c564eba6_fk_User_email` (`user_id`),
  CONSTRAINT `django_admin_log_content_type_id_c4bce8eb_fk_django_co` FOREIGN KEY (`content_type_id`) REFERENCES `django_content_type` (`id`),
  CONSTRAINT `django_admin_log_user_id_c564eba6_fk_User_email` FOREIGN KEY (`user_id`) REFERENCES `User` (`email`)
) ENGINE=InnoDB DEFAULT CHARSET=latin1;
/*!40101 SET character_set_client = @saved_cs_client */;

--
-- Dumping data for table `django_admin_log`
--

LOCK TABLES `django_admin_log` WRITE;
/*!40000 ALTER TABLE `django_admin_log` DISABLE KEYS */;
/*!40000 ALTER TABLE `django_admin_log` ENABLE KEYS */;
UNLOCK TABLES;

--
-- Table structure for table `django_content_type`
--

DROP TABLE IF EXISTS `django_content_type`;
/*!40101 SET @saved_cs_client     = @@character_set_client */;
/*!40101 SET character_set_client = utf8 */;
CREATE TABLE `django_content_type` (
  `id` int(11) NOT NULL AUTO_INCREMENT,
  `app_label` varchar(100) NOT NULL,
  `model` varchar(100) NOT NULL,
  PRIMARY KEY (`id`),
  UNIQUE KEY `django_content_type_app_label_model_76bd3d3b_uniq` (`app_label`,`model`)
) ENGINE=InnoDB AUTO_INCREMENT=24 DEFAULT CHARSET=latin1;
/*!40101 SET character_set_client = @saved_cs_client */;

--
-- Dumping data for table `django_content_type`
--

LOCK TABLES `django_content_type` WRITE;
/*!40000 ALTER TABLE `django_content_type` DISABLE KEYS */;
INSERT INTO `django_content_type` VALUES (7,'accounts','fakestudentgroup'),(8,'accounts','fakeuser'),(9,'accounts','group'),(6,'accounts','grouprange'),(5,'accounts','studentgroup'),(4,'accounts','user'),(3,'accounts','userclass'),(19,'admin','logentry'),(21,'auth','group'),(20,'auth','permission'),(22,'contenttypes','contenttype'),(12,'ranges','fakerange'),(13,'ranges','mcqoptions'),(15,'ranges','questions'),(18,'ranges','questiontopic'),(11,'ranges','range'),(10,'ranges','rangestudents'),(16,'ranges','studenthints'),(17,'ranges','studentquestions'),(14,'ranges','unavailableports'),(2,'SDL','sdlcomment'),(1,'SDL','sdlpost'),(23,'sessions','session');
/*!40000 ALTER TABLE `django_content_type` ENABLE KEYS */;
UNLOCK TABLES;

--
-- Table structure for table `django_migrations`
--

DROP TABLE IF EXISTS `django_migrations`;
/*!40101 SET @saved_cs_client     = @@character_set_client */;
/*!40101 SET character_set_client = utf8 */;
CREATE TABLE `django_migrations` (
  `id` int(11) NOT NULL AUTO_INCREMENT,
  `app` varchar(255) NOT NULL,
  `name` varchar(255) NOT NULL,
  `applied` datetime(6) NOT NULL,
  PRIMARY KEY (`id`)
) ENGINE=InnoDB AUTO_INCREMENT=21 DEFAULT CHARSET=latin1;
/*!40101 SET character_set_client = @saved_cs_client */;

--
-- Dumping data for table `django_migrations`
--

LOCK TABLES `django_migrations` WRITE;
/*!40000 ALTER TABLE `django_migrations` DISABLE KEYS */;
INSERT INTO `django_migrations` VALUES (1,'accounts','0001_initial','2018-08-01 17:22:20.086447'),(2,'SDL','0001_initial','2018-08-01 17:22:20.109802'),(3,'SDL','0002_auto_20180802_0122','2018-08-01 17:22:20.267578'),(4,'ranges','0001_initial','2018-08-01 17:22:20.281497'),(5,'contenttypes','0001_initial','2018-08-01 17:22:20.306261'),(6,'contenttypes','0002_remove_content_type_name','2018-08-01 17:22:20.352058'),(7,'auth','0001_initial','2018-08-01 17:22:20.479484'),(8,'auth','0002_alter_permission_name_max_length','2018-08-01 17:22:20.495246'),(9,'auth','0003_alter_user_email_max_length','2018-08-01 17:22:20.506016'),(10,'auth','0004_alter_user_username_opts','2018-08-01 17:22:20.513790'),(11,'auth','0005_alter_user_last_login_null','2018-08-01 17:22:20.521389'),(12,'auth','0006_require_contenttypes_0002','2018-08-01 17:22:20.523282'),(13,'auth','0007_alter_validators_add_error_messages','2018-08-01 17:22:20.530592'),(14,'auth','0008_alter_user_username_max_length','2018-08-01 17:22:20.538298'),(15,'auth','0009_alter_user_last_name_max_length','2018-08-01 17:22:20.546469'),(16,'accounts','0002_auto_20180802_0122','2018-08-01 17:22:21.342289'),(17,'admin','0001_initial','2018-08-01 17:22:21.412410'),(18,'admin','0002_logentry_remove_auto_add','2018-08-01 17:22:21.440967'),(19,'ranges','0002_auto_20180802_0122','2018-08-01 17:22:22.946604'),(20,'sessions','0001_initial','2018-08-01 17:22:22.969998');
/*!40000 ALTER TABLE `django_migrations` ENABLE KEYS */;
UNLOCK TABLES;

--
-- Table structure for table `django_session`
--

DROP TABLE IF EXISTS `django_session`;
/*!40101 SET @saved_cs_client     = @@character_set_client */;
/*!40101 SET character_set_client = utf8 */;
CREATE TABLE `django_session` (
  `session_key` varchar(40) NOT NULL,
  `session_data` longtext NOT NULL,
  `expire_date` datetime(6) NOT NULL,
  PRIMARY KEY (`session_key`),
  KEY `django_session_expire_date_a5c62663` (`expire_date`)
) ENGINE=InnoDB DEFAULT CHARSET=latin1;
/*!40101 SET character_set_client = @saved_cs_client */;

--
-- Dumping data for table `django_session`
--

LOCK TABLES `django_session` WRITE;
/*!40000 ALTER TABLE `django_session` DISABLE KEYS */;
/*!40000 ALTER TABLE `django_session` ENABLE KEYS */;
UNLOCK TABLES;
/*!40103 SET TIME_ZONE=@OLD_TIME_ZONE */;

/*!40101 SET SQL_MODE=@OLD_SQL_MODE */;
/*!40014 SET FOREIGN_KEY_CHECKS=@OLD_FOREIGN_KEY_CHECKS */;
/*!40014 SET UNIQUE_CHECKS=@OLD_UNIQUE_CHECKS */;
/*!40101 SET CHARACTER_SET_CLIENT=@OLD_CHARACTER_SET_CLIENT */;
/*!40101 SET CHARACTER_SET_RESULTS=@OLD_CHARACTER_SET_RESULTS */;
/*!40101 SET COLLATION_CONNECTION=@OLD_COLLATION_CONNECTION */;
/*!40111 SET SQL_NOTES=@OLD_SQL_NOTES */;

-- Dump completed on 2018-08-02  1:57:10
